product,mean,sd,min,max,median,q.025,q.1,q.25,q.75,q.9,q.975
summary_slope_liu_agb,-0.05540833860129161,0.08999637103377729,-0.5777348875999451,0.6986818313598633,-0.028940444812178612,-0.30278205201029773,-0.14548116326332095,-0.0766459982842207,-0.013283143565058712,1.600901716713242e-17,0.014642727142199859
summary_slope_xu_agb,0.033683989803717757,0.13818520255986755,-1.6262423992156982,1.0931650400161743,0.004967484623193741,-0.15985148027539253,-0.060408562421798706,-0.013540793675929308,0.057755293697118765,0.17635124921798706,0.35813870280981064
summary_slope_esa_agb,-0.19792180438590282,1.7820232318859988,-37.6815299987793,36.39490509033203,-0,-3.4968152046203613,-0.5509554147720337,-0,-0,-0,1.5
summary_slope_chopping_agb,-0.0024563900425993196,0.1477191887038429,-36.365970611572266,35.108455657958984,0,-0.14362108707427979,0,0,0,0.024280067533254623,0.15076227486133575
summary_slope_ltgnn_agb,0.0017280552112298156,0.41595810128504457,-11.367542266845703,8.627531051635742,0,-0.7829775810241699,-0.1505199819803238,0,0.028735632076859474,0.2298850566148758,0.6658456325531006
